#11808454,Brian,Slater,2.58,18
#10888680,Rebecca,Clark,2.41,57
#00727378,Victor,Lee,2.50,25
#11781492,Heather,Reid,2.73,95
#11859409,James,MacDonald,1.98,43
#00782171,John,Ince,3.16,120
#00745507,Matt,Ball,2.93,132
#01824508,Caroline,Fisher,2.84,81
#01717608,Virginia,MacDonald,1.08,31
#11819537,Simon,Blake,2.58,84
#01876586,Justin,Wright,3.66,24
#11863213,Michael,Dickens,2.43,29
#00743866,Blake,James,3.67,18
#01776755,Ava,Stewart,3.92,73
#00723093,Jasmine,Hill,2.46,19
#00778298,Phil,Lambert,3.20,58
#00744826,Oliver,James,2.61,69
#01845573,Gordon,Morgan,3.82,119
#00723482,Matt,Cameron,2.59,138
#00818596,Joe,Walsh,3.63,87
#01742717,Nathan,Butler,2.94,68
#10722218,Theresa,Murray,2.28,132
#00817701,Adrian,Bell,1.69,136
#11774493,Alexander,Cameron,3.65,15
#00769707,Alexandra,Dowd,3.44,58
#10806797,Elizabeth,Robertson,2.07,12
#00829702,Stephen,Reid,2.25,30
#11748128,Stephen,Henderson,3.15,107
#00718973,Jasmine,Murray,2.45,62
#11807398,Wendy,Alsop,2.60,19
#01778705,Lillian,Greene,2.09,111
#00736864,Karen,Greene,3.25,135
#00876075,Alan,Piper,3.99,26
#10735132,Eric,Rutherford,2.88,137
#00712323,Owen,Wright,2.29,103
#00872299,Bella,Roberts,2.61,38
#01885937,Claire,Martin,2.04,66
#01732894,Andrew,Piper,3.79,103
#01861593,Brian,Marshall,2.65,59
#11729344,Andrew,Reid,2.80,16
#01796585,Rebecca,Bailey,3.04,69
#10877163,David,Davies,1.82,134
#01775168,Sue,Greene,2.30,128
#11814384,Dylan,Glover,2.51,128
#10881814,Jake,MacLeod,2.21,53
#10814915,Mary,King,2.15,72
#01862848,Jan,Morgan,3.87,46
#11836639,Nicholas,Manning,3.89,46
#00738136,Diana,Fisher,1.27,94
#11821494,Gabrielle,Parr,2.46,53
#11766357,Joan,Powell,2.52,74
#00747810,David,Hughes,2.29,86
#00728727,Jacob,Fisher,3.93,70
#01771532,Lisa,Black,2.14,12
#10857551,Donna,Butler,2.15,121
#01829652,Dominic,Underwood,2.45,58
#11769177,Austin,Ogden,3.98,137
#00877228,Wanda,Hudson,2.26,97
#10795246,Samantha,Forsyth,2.83,54
#10849493,Jason,Jones,2.28,138
#11803419,Carolyn,Vaughan,2.74,39
#10747578,Theresa,Thomson,2.51,97
#10771462,Heather,Slater,3.68,36
#01845547,Leonard,Parr,2.34,108
#01821816,Leah,Dickens,3.78,61
#10809778,Victoria,Langdon,2.48,117
#10733225,Sarah,Mills,2.64,46
#10732763,Caroline,Murray,3.25,63
#01844561,Sonia,Poole,2.14,65
#00886810,Isaac,Nolan,3.10,35
#00857945,Julian,Abraham,1.66,40
#01747681,Diana,Stewart,2.64,26
#11752131,Jonathan,Rees,3.01,67
#01877163,Cameron,Mackenzie,2.10,97
#00719068,Isaac,Davies,2.03,39
#00853408,Olivia,Carr,3.39,73
#01748837,Deirdre,Russell,2.65,41
#10747180,Paul,Dyer,3.19,83
#00755599,Angela,Buckland,1.85,69
#01801372,Emily,Knox,2.29,99
#11758802,Emily,Paige,2.74,80
#10778193,Mary,Hodges,3.51,56
#10794553,Victor,Wilson,1.80,142
#10762238,Steven,Ince,2.18,93
#11765884,Julian,Piper,3.03,94
#10736744,Ryan,Brown,2.35,95
#11738880,Charles,Skinner,2.22,116
#01751309,Lucas,Greene,2.09,18
#10751489,Blake,Edmunds,3.49,66
#10762656,Stewart,Newman,3.50,51
#10889135,Evan,Murray,2.49,99
#00718099,Anthony,Terry,3.56,109
#11717220,Sam,Ellison,3.88,22
#01787586,Katherine,Lyman,3.50,130
#00797036,Elizabeth,Russell,2.85,89
#00775208,Robert,Underwood,2.35,118
#00775734,Justin,Manning,3.18,45
#11736338,Matt,Dyer,2.94,80
#10838840,Trevor,Oliver,2.40,73
#00805002,Yvonne,Lyman,2.63,115
#01806929,Diane,Wilson,1.50,115
#10831373,Brandon,Ball,2.31,106
#11765501,Deirdre,Springer,2.11,119
#01716713,Stephanie,Langdon,3.40,13
#10803135,Brandon,Fisher,1.51,33
#10869656,Natalie,Gill,3.90,29
#10784329,Eric,Anderson,3.94,64
#11761495,Harry,Buckland,3.34,51
#10754347,Penelope,Berry,2.43,105
#00783482,Faith,Bower,3.18,12
#01836426,Nicola,Clark,2.42,131
#01853222,Brandon,Hughes,2.97,108
#00882166,Kylie,Quinn,3.79,76
#10724685,Una,Tucker,2.71,90
#11823549,Michael,McDonald,2.58,17
#00736539,David,Knox,3.28,127
#10796362,Julian,Stewart,2.44,65
#00872913,Elizabeth,Lyman,3.46,73
#00859257,James,Greene,2.65,58
#11879326,Kimberly,Mitchell,3.56,30
#00726133,Irene,Mills,3.16,43
#00837525,Caroline,Harris,2.26,59
#10723401,Ruth,Parr,2.20,140
#11866832,Jack,Gill,2.11,13
#00784217,Natalie,Anderson,2.01,136
#00875547,Hannah,Lawrence,3.24,141
#11765482,Brian,Thomson,2.72,26
#01821452,Dorothy,Piper,2.96,48
#00848816,Gabrielle,Jackson,3.02,46
#00801827,Anthony,Hart,1.69,73
#00842569,Ruth,Dowd,2.31,55
#00751458,Anne,Russell,2.02,89
#11826242,Carolyn,Payne,3.59,134
#00812697,Piers,Dyer,3.70,123
#01781854,Dylan,North,3.26,73
#00838522,Richard,Buckland,3.50,94
#11719871,Joshua,Watson,2.47,94
#10734062,Cameron,Simpson,2.04,95
#01884241,Dominic,Buckland,2.49,67
#10797260,Yvonne,Gray,3.26,103
#01879504,Justin,Ferguson,3.94,140
#10813143,Charles,Ross,2.54,137
#00811564,Pippa,Dowd,1.53,122
#00762075,Nicola,Abraham,2.92,31
#01742142,Oliver,Kelly,3.91,34
#11807842,Sally,McLean,1.30,70
#11786548,Megan,Bond,3.20,36
#10875452,Diane,Metcalfe,2.55,70
#11799629,Owen,Metcalfe,3.88,83
#00862337,Anne,Dickens,2.33,83
#11749277,Lillian,Slater,2.02,24
#00821931,Blake,Paige,3.04,31
#11797241,Phil,White,1.71,64
#10766230,Faith,Dowd,2.87,75
#01774971,Karen,North,2.20,100
#11724273,Max,Butler,1.59,67
#11738005,Yvonne,Dickens,2.69,46
#01852558,Gabrielle,May,2.80,60
#01716693,Rebecca,James,3.61,36
#11806454,Jack,Nash,3.80,90
#10741628,Simon,Mills,3.86,140
#01801258,Chloe,Ogden,2.73,25
#11716498,Victoria,Poole,3.15,76
#00774206,Abigail,Mills,2.98,33
#01866091,John,Ellison,3.54,84
#10859376,Kimberly,Powell,2.82,50
#11799026,Megan,Ince,2.79,131
#00864083,Keith,McGrath,1.70,83
#00734031,Audrey,Hill,2.60,74
#11863596,Michael,Baker,2.88,132
#10752545,Kimberly,White,1.46,113
#00868658,Harry,Gill,2.94,132
#11802053,Lucas,Bell,2.68,81
#00845514,Nicholas,Berry,2.98,62
#11768670,Carolyn,Walsh,3.47,58
#00776550,Julian,Taylor,3.58,95
#11772533,Olivia,Russell,3.45,128
#11843865,Jennifer,Pullman,3.79,38
#10726523,Leah,Paterson,2.01,54
#11883951,Cameron,James,1.92,82
#00823060,Elizabeth,Roberts,2.85,29
#10808074,Amanda,Morgan,3.73,22
#01778321,Deirdre,Robertson,3.65,96
#10731979,Boris,Robertson,3.55,63
#00801683,Nicholas,Greene,0.65,142
#01798168,Elizabeth,Simpson,1.54,116
#10804444,Stephanie,Knox,3.31,91
#00738877,Victoria,Peters,3.37,50
#00781301,Anthony,Ross,2.15,60
#01853172,Lisa,Greene,1.50,125
#00838653,Charles,Wilson,3.36,50
#11762458,Evan,Lewis,2.52,94
#11878927,Jasmine,Blake,1.93,97
#01795714,Dorothy,Vaughan,3.21,113
#01788431,Mary,Simpson,2.79,113
#01821873,Irene,Peters,3.96,118
#10716673,Paul,James,2.48,138
#01765718,Sam,Carr,3.06,113
#00865210,Kimberly,Springer,2.75,93
#10818499,Gordon,Coleman,3.29,30
#11745818,Nicola,Hill,2.50,12
#10717944,Owen,Wilkins,0.88,14
#10871568,Nicholas,James,0.93,56
#10827760,Rose,Thomson,2.45,133
#11715179,Cameron,Kerr,1.61,86
#10723819,Claire,Henderson,3.61,73
#00783168,Blake,Rutherford,3.26,93
#10803774,Ruth,Marshall,2.81,121
#10788011,Lucas,Thomson,2.72,86
#10786491,Matt,Coleman,2.65,41
#01819259,Piers,Morgan,2.62,114
#11716316,Ella,MacLeod,2.46,55
#01841944,Audrey,Newman,2.00,131
#00808232,Caroline,Turner,2.20,69
#00872259,Lisa,Buckland,2.01,120
#10713824,Lily,Ellison,2.04,114
#11783458,Oliver,North,3.49,57
#00791554,Paul,Pullman,2.83,98
#11726765,Kylie,Sanderson,3.12,138
#11879624,Zoe,Grant,3.82,69
#10757960,Faith,Peake,2.83,27
#10857595,Matt,Brown,2.71,66
#01842586,Penelope,Piper,1.62,127
#00803457,Dominic,Ball,0.78,66
#00854296,Matt,Paige,2.29,15
#01841279,Hannah,Gibson,2.41,110
#00747253,Jan,Lewis,3.85,42
#10742835,Evan,Oliver,0.82,87
#10783727,Jacob,Black,3.83,50
#10759185,Victor,Harris,3.01,116
#00827762,Jane,Greene,2.41,129
#00861869,Victoria,Grant,3.82,50
#10762225,Jennifer,Vaughan,0.79,20
#01775637,Connor,Martin,2.45,138
#10779754,Deirdre,Cornish,3.01,135
#01872137,Elizabeth,Underwood,2.42,89
#00868575,Amelia,Wright,0.82,86
#11861823,Ian,Dickens,2.51,142
#11843560,Stephanie,Robertson,3.98,62
#00785893,Brandon,Lee,3.14,99
#01754975,Yvonne,Buckland,3.15,80
#01826516,Grace,Hughes,2.66,25
#00873620,Joe,Murray,2.44,116
#11722834,Jonathan,Hamilton,2.80,110
#00783416,Audrey,Sanderson,2.77,44
#11865340,Oliver,Sanderson,2.26,12
#00754680,Sarah,Grant,2.94,89
#11763422,Alexander,Tucker,3.75,64
#01767794,Carolyn,Chapman,3.73,81
#00841404,Adrian,Bower,2.64,61
#00776358,Joanne,Ross,3.45,75
#10808568,Boris,Campbell,2.45,24
#00882242,Luke,Ross,2.57,112
#11878778,Amelia,Dickens,2.34,119
#01777741,Sam,Lewis,2.70,39
#01788523,Alexandra,Grant,1.74,126
#00889720,Hannah,Quinn,3.10,53
#00888146,Alison,Bailey,1.42,34
#10774019,Nathan,Kerr,3.42,136
#00834322,Harry,Ball,3.34,40
#00851591,Theresa,Buckland,3.91,130
#01752215,Michael,Kelly,2.60,12
#00885962,Anna,Gill,1.52,35
#11739216,Justin,Anderson,3.75,69
#11723116,Oliver,Payne,2.55,71
#11799058,Lillian,Parsons,2.16,87
#01789355,Lauren,Vaughan,3.93,81
#00788478,Dylan,Langdon,2.46,58
#10732928,Max,Allan,3.96,129
#00724895,Anna,Skinner,3.79,132
#10784104,Christopher,Baker,1.69,108
#00819104,Sebastian,Ogden,2.01,122
#11732689,Hannah,Bower,3.05,138
#10712960,Colin,Terry,3.13,67
#01879030,Mary,Ross,2.50,123
#01792957,Matt,Davidson,1.51,83
#01755633,Lily,Hudson,3.96,98
#01877064,Deirdre,Hudson,3.67,113
#01833855,Blake,Oliver,2.08,42
#10738800,Peter,Edmunds,3.30,32
#11836646,Richard,McGrath,2.17,24
#00748361,John,Davidson,2.90,131
#10807622,Stephanie,Allan,3.37,59
#10865239,Dominic,Marshall,3.32,36
#10855312,Emma,Slater,3.90,40
#01848976,Sean,Ross,3.00,119
#00813288,Zoe,Fisher,2.53,102
#10872392,Luke,Hardacre,2.16,54
#01872259,Claire,Tucker,2.96,94
#01733273,Penelope,Langdon,2.59,30
#11755001,Lisa,Gray,2.51,120
#11794674,Sonia,Ball,1.95,42
#00717364,Diana,Young,2.23,112
#00756696,Victor,Gill,3.87,109
#01747721,Molly,Lewis,2.03,16
#01786130,Victor,Oliver,2.53,13
#10821822,Rebecca,Underwood,3.75,72
#01762375,Angela,Fraser,2.97,29
#01888907,Adrian,Mathis,2.20,115
#01745046,Faith,Gill,1.71,26
#11819681,Jason,Slater,3.07,16
#01877340,Vanessa,James,3.92,22
#10848134,Piers,Paige,2.27,20
#01798908,Jane,Bailey,2.99,115
#01771913,Sophie,Buckland,2.51,134
#00772618,Gordon,Taylor,2.57,76
#00862948,Alan,Miller,2.62,137
#10742515,Audrey,Lewis,3.45,60
#00755351,Wendy,Manning,2.00,120
#00836238,Brian,Jackson,3.71,56
#01785673,Emily,Blake,3.25,60
#10885586,Jason,Mackenzie,2.01,114
#01844186,Liam,Turner,1.98,78
#10823491,Jasmine,Short,3.71,86
#00799562,Karen,Marshall,2.86,106
#10873263,Donna,Fraser,1.99,126
#00883147,Donna,Fisher,2.65,113
#01733343,Gordon,Edmunds,3.74,140
#01739699,Joe,Johnston,1.62,44
#11852271,Brandon,Ogden,2.41,51
#10784825,Sam,Graham,1.26,83
#10762061,Virginia,Peake,3.18,81
#00828842,Boris,Hughes,3.95,108
#00736925,Fiona,Taylor,2.68,36
#01885756,William,Black,3.47,142
#10812821,Joan,Springer,2.27,103
#01886406,Jake,Roberts,2.33,30
#00744812,Alexander,Hemmings,2.04,118
#11724845,Steven,Metcalfe,0.59,91
#11854611,Christopher,Lewis,2.84,106
#01758999,Amanda,Walsh,3.60,38
#01846983,Rose,Turner,2.80,75
#01746067,Dominic,Burgess,2.79,131
#10741442,Simon,Ince,3.95,72
#01807287,John,Lawrence,3.21,49
#00802059,Maria,Ellison,3.35,125
#01728541,Peter,Mathis,3.64,51
#00766444,Adam,Oliver,2.98,56
#11798015,Emma,Sutherland,3.74,62
#11775251,Adam,Manning,1.08,29
#10712215,Theresa,Vance,1.03,28
#00718269,Theresa,Mitchell,3.06,63
#11868824,Deirdre,Marshall,3.27,133
#01832524,Jonathan,Jackson,1.63,108
#01725764,Joshua,Dowd,3.62,69
#10743488,Warren,Hemmings,1.63,104
#00878338,Richard,Alsop,1.86,53
#11833403,Lauren,Walsh,2.27,97
#10712956,Edward,Turner,2.18,136
#10753984,Alison,White,2.01,31
#00751972,Elizabeth,Taylor,2.92,107
#00799763,Olivia,Berry,3.08,108
#10796819,Andrew,Gibson,2.88,40
#00751943,Julia,Lawrence,0.68,81
#01852821,Robert,Hamilton,2.32,33
#01863290,Samantha,Lewis,3.74,60
#00874195,Katherine,Alsop,2.32,37
#00723271,Leonard,Randall,2.60,100
#10717654,Justin,Skinner,3.41,110
#11841826,Vanessa,Ogden,2.60,80
#10832635,Christian,May,3.03,112
#00845317,Joshua,Cornish,2.93,86
#00767557,Vanessa,Payne,3.49,12
#00852403,Anthony,Rees,1.58,111
#01817191,Rebecca,Stewart,2.10,98
#11715980,Michelle,Hill,0.65,77
#11747821,Tim,Powell,2.64,107
#11808193,Phil,Berry,2.78,19
#11865860,Elizabeth,May,2.59,25
#11714396,Abigail,Harris,2.59,71
#00875151,Phil,Peake,2.73,71
#11778287,Donna,Clark,2.48,88
#10788282,Diana,Hunter,3.33,62
#11736298,Elizabeth,Clarkson,2.27,59
#01857109,Lily,Abraham,2.43,23
#00736394,Cameron,Miller,3.12,66
#01847535,Jennifer,Rampling,1.01,32
#01827022,Katherine,Taylor,1.88,65
#11887456,Owen,Dowd,2.29,75
#01716005,James,Carr,3.43,71
#00838928,Joseph,Fisher,1.31,15
#01757743,Lauren,Hodges,2.52,123
#11718579,Angela,Peters,3.40,115
#10723121,Samantha,Gray,3.36,32
#11853678,Emily,Dyer,3.32,33
#01862159,Joshua,Abraham,2.60,88
#01733941,Colin,Bower,2.18,57
#11806847,Liam,Edmunds,2.17,101
#11749688,Anne,Cornish,2.44,57
#01794338,Olivia,Hamilton,2.47,112
#01725108,Alexander,Avery,3.08,66
#11863062,Carl,Terry,2.87,126
#00848134,Benjamin,Black,2.17,59
#11776939,Emily,Mackay,3.38,71
#01837245,Andrew,Ball,1.86,134
#01762455,Luke,Ellison,3.11,18
#10754607,Oliver,Jackson,3.82,78
#01874710,Gabrielle,Turner,2.96,106
#11867615,Phil,Lyman,2.55,68
#00733919,Liam,Henderson,1.67,63
#01852794,Faith,Coleman,2.75,15
#11857247,Deirdre,Jackson,2.81,26
#11836665,Thomas,White,2.46,134
#10748437,Sonia,Paterson,3.88,111
#01776525,Julian,Rutherford,2.54,44
#10882857,Phil,Robertson,2.15,98
#10733275,Brandon,Ferguson,2.81,140
#01889086,Keith,Abraham,3.57,110
#11773071,Sam,Hunter,3.82,38
#00763207,Yvonne,Gill,2.42,24
#00873712,Sophie,May,1.81,100
#00744231,Gavin,McLean,2.30,125
#01841573,Felicity,Kerr,3.36,19
#00824553,Kevin,Avery,3.23,35
#11765426,Sophie,Poole,1.55,78
#00745788,Jane,Davies,2.09,129
#01832313,Tim,Duncan,3.87,61
#00743917,Luke,Blake,3.59,79
#01837188,Piers,James,2.22,30
#01744635,Andrew,Pullman,1.82,97
#10844877,Evan,Springer,1.61,46
#10844827,Evan,Avery,2.23,52
#01886937,Lillian,Jones,3.95,23
#00885192,Christian,Stewart,2.36,14
#10848177,Adrian,Quinn,1.90,60
#11739551,Simon,Jackson,2.46,44
#11803725,Dominic,Watson,2.73,74
#10802838,Stephanie,Powell,2.37,115
#10808851,Zoe,Bond,3.92,123
#11867523,Warren,Murray,2.54,48
#10719046,Jonathan,Jones,3.16,99
#11784766,Jacob,Simpson,3.24,117
#00852396,Melanie,Simpson,2.38,84
#00871441,Megan,Walsh,3.06,78
#11887355,Rose,Terry,3.94,21
#00865192,Deirdre,May,2.56,102
#00737299,Peter,North,3.57,65
#11729391,Liam,McLean,2.31,75
#00868009,Trevor,Randall,3.36,58
#10735582,Sebastian,Morgan,2.05,114
#01805324,Dylan,Pullman,3.37,106
#00877505,Wendy,Buckland,3.75,75
#00833863,Deirdre,Hill,1.75,134
#11748412,Victoria,Ross,2.65,29
#10765962,Michelle,Russell,3.14,39
#00722042,Ruth,Parsons,3.68,24
#11732496,Sean,Reid,3.94,89
#10798683,Joe,Jackson,2.86,63
#01864384,Wendy,Welch,2.17,138
#11789096,Rachel,Russell,1.86,35
#01774602,Ava,Dowd,2.58,121
#00861476,Ella,Cameron,2.09,27
#11856775,Felicity,Marshall,2.77,25
#10737187,Warren,Pullman,3.76,93
#11813153,Jason,Tucker,3.01,78
#01805973,Jessica,Lambert,2.13,86
#10756907,Ian,Lawrence,2.55,78
#11716674,Jessica,Paterson,2.94,111
#00776004,David,Marshall,1.96,107
#00786559,Amy,Peake,3.28,96
#11736434,Leonard,Murray,3.99,123
#00773884,Joe,Martin,3.52,142
#11779274,Peter,Ellison,2.54,55
#10881266,Ryan,Miller,2.06,77
#01859753,Abigail,Carr,2.16,25
#11787946,Wanda,Slater,2.02,30
#11739497,Eric,Walker,3.75,21
#11833700,Stewart,Ogden,2.10,125
#00788074,Chloe,Hamilton,2.89,47
#00737788,Jan,Powell,2.01,56
#01794981,Gordon,Knox,1.67,134
#10885006,Boris,Burgess,3.45,52
#10781693,Jennifer,Lyman,2.58,49
#11839692,Michael,Carr,2.36,36
#11817443,Wendy,Mills,1.52,71
#10768920,Colin,Nash,3.97,83
#10755354,Carolyn,Quinn,3.87,112
#00747267,Boris,Springer,3.08,53
#10737431,Joe,Simpson,2.32,97
#01878306,Brandon,Hudson,3.54,58
#10746441,Liam,Scott,2.49,104
#10836471,Molly,Avery,2.92,81
#01843214,Edward,Baker,0.55,39
#11773546,Jack,Murray,2.16,67
#01749678,Edward,Scott,3.43,77
#01847211,Rachel,Morgan,2.62,131
#11775049,Neil,Hudson,2.15,73
#01865716,Evan,Roberts,2.03,96
#00834680,Vanessa,Hunter,1.78,35
#10826496,Ruth,Dickens,2.16,78
#11811402,Katherine,Morgan,1.85,139
#00884977,Colin,Martin,3.98,134
#01764117,Lisa,Welch,2.58,98
#00741859,Jan,Burgess,3.78,71
#00757870,Carl,Rees,3.67,112
#10783148,Natalie,Roberts,2.80,27
#01791702,Julia,Slater,1.59,89
#10738183,Steven,Clarkson,3.62,68
#01731447,Yvonne,Edmunds,2.99,39
#10725574,Dominic,White,2.28,138
#01797877,Lisa,Jones,3.51,74
#00829448,Rose,Vaughan,2.43,113
#11759794,Charles,Hardacre,2.47,101
#01875942,Sarah,Thomson,3.50,141
#01774894,Isaac,McDonald,2.18,58
#00802690,Justin,Henderson,1.86,140
#00749495,William,Wright,1.67,101
#01867334,Sue,Metcalfe,3.52,46
#01721633,Owen,Bond,3.86,95
#11866401,Leonard,Black,2.39,117
#11797896,Charles,Hudson,2.80,37
#10778381,Cameron,Langdon,3.74,23
#00727493,Sophie,Gibson,1.74,113
#11759499,Molly,Ince,3.66,57
#11757061,Samantha,Wilson,2.79,79
#10799467,Elizabeth,Powell,2.08,134
#10729594,Karen,Gibson,2.16,103
#00711637,Maria,Ball,2.91,97
#00722666,Melanie,May,2.20,89
#10832372,Sue,Hughes,2.10,141
#11751275,Tim,Sanderson,3.72,95
#10726388,Andrea,Peters,1.79,14
#01745717,Edward,Lee,2.99,111
#01724971,Lauren,Rees,3.92,78
#01818712,Olivia,Morrison,3.04,74
#11818587,Carl,Baker,2.99,61
#01823121,Andrea,Cornish,3.34,126
#11748415,Thomas,Welch,2.21,87
#10771782,Leonard,Chapman,1.28,137
#01815217,Ella,Robertson,2.84,83
#01837665,Mary,McLean,2.83,131
#10838015,Sam,Walker,2.34,19
#10887594,Jake,Jones,3.19,32
#01783002,Adam,James,3.00,116
#10734126,Steven,Cornish,3.10,103
#00734353,Kylie,Gray,2.19,104
#11776286,Joe,Churchill,3.13,69
#00712223,Felicity,Nash,2.85,14
#01761719,Lisa,King,2.74,115
#10821634,Joan,Baker,3.92,96
#11778878,Lillian,North,2.88,12
#01823898,Sam,Bower,3.59,82
#11819788,Neil,Manning,2.81,92
#01734684,Kevin,Mitchell,3.21,36
#01874205,Peter,Rampling,2.69,30
#01778011,Alison,Mitchell,2.09,119
#01777262,Chloe,Lawrence,1.76,118
#11869384,Wendy,Jones,2.53,139
#00878272,Gavin,Anderson,3.37,13
#11766246,Julia,Underwood,2.51,79
#11829817,Christopher,Lyman,1.82,107
#11874083,Kimberly,Black,2.06,73
#10735667,Jasmine,Baker,3.85,49
#00843045,Boris,Fisher,3.50,111
#11717920,Jack,Oliver,2.28,46
#01797800,Irene,Rees,2.43,139
#01796282,Sue,Ferguson,3.93,15
#01744709,Alexandra,Sanderson,1.15,38
#00881593,Charles,Ball,3.07,119
#01797114,Ava,Forsyth,3.87,40
#01742662,Jan,Dyer,2.34,53
#00782926,Isaac,Parr,3.47,115
#01797125,Felicity,Lambert,2.40,137
#11843161,Karen,Paterson,2.01,77
#11876111,Stephanie,Springer,2.90,121
#10856484,Olivia,Wallace,1.18,86
#00719488,Samantha,Nolan,3.12,67
#11762591,Robert,Gray,2.24,42
#01844092,Nicola,Kerr,2.28,104
#00768694,Abigail,Berry,2.90,27
#10862086,Elizabeth,Blake,2.00,45
#01745035,Gavin,Murray,1.25,67
#01759606,Elizabeth,Churchill,2.02,117
#01765378,Samantha,Gill,2.35,36
#01756760,Thomas,Davidson,2.44,129
#00775749,Melanie,Thomson,3.65,23
#11748022,Harry,Metcalfe,2.27,50
#10834219,Joanne,Slater,2.31,115
#00742575,Jan,Cameron,1.92,81
#00772932,Heather,Quinn,3.34,110
#10863477,Lucas,Sanderson,3.88,25
#10863039,Jane,Howard,3.81,105
#11747440,Mary,Mackenzie,2.69,51
#00777221,Felicity,Walsh,2.24,135
#01745154,Kimberly,Piper,3.78,129
#11791303,Lisa,Smith,3.12,20
#01727324,Karen,Manning,2.87,79
#10855969,Grace,Nolan,2.05,50
#00725157,James,Brown,3.68,28
#11723530,Una,Paige,2.13,112
#11819613,Joseph,Watson,3.01,17
#10852448,Michael,Short,3.67,67
#10846002,Dominic,Morgan,2.27,122
#11732773,Anthony,Paterson,3.53,65
#11885632,Andrew,Langdon,3.28,134
#01853901,Dominic,Dyer,2.38,21
#00819804,Thomas,Quinn,2.55,122
#11766966,Anthony,Hodges,2.05,40
#01756279,Maria,Edmunds,2.44,36
#10835337,Oliver,Bell,2.83,54
#00834070,Sally,White,2.73,73
#01814735,Nathan,Martin,0.66,37
#10785839,Colin,Campbell,1.73,125
#00745031,Paul,White,2.67,78
#00789527,Steven,Mills,2.60,37
#01724266,William,Harris,3.12,81
#01882013,Jacob,Davidson,3.45,82
#01816941,Claire,Bell,1.95,62
#11841235,Joanne,Mathis,2.96,33
#10775536,Brian,Cameron,2.87,86
#10777776,Zoe,Walsh,2.89,126
#10876292,Stephanie,Mitchell,3.41,18
#10859834,Andrew,Jones,2.42,88
#10737091,Maria,Arnold,3.71,134
#11862010,John,Walker,3.21,63
#01825689,Ian,Lyman,3.93,93
#11859721,Victor,Short,0.60,24
#11832036,Felicity,Wilson,3.02,57
#01757292,Trevor,Tucker,2.23,19
#01859139,Nicholas,Wright,0.76,68
#11844261,Ryan,Randall,3.45,33
#10776065,Lucas,Davidson,3.18,49
#11845659,Lillian,Churchill,2.18,114
#11819378,Joseph,Davies,0.99,40
#01753274,Audrey,Underwood,3.32,86
#01778666,Julian,Gray,1.59,71
#11794874,Sebastian,Duncan,2.55,128
#00808137,Tracey,Martin,1.71,57
#00724709,Sue,Parsons,2.73,137
#00836169,Emma,Poole,1.72,16
#00822919,Neil,Lambert,2.82,106
#10885494,Andrea,Sanderson,3.39,89
#11862406,Anna,Slater,2.16,62
#10806934,Diana,Springer,3.14,37
#10763877,Evan,Stewart,2.65,109
#01765972,Christopher,Payne,3.51,105
#00723752,Andrea,Newman,2.29,46
#00741496,Deirdre,Underwood,3.63,93
#10832742,Dylan,Springer,2.88,134
#01792940,Steven,Short,2.26,56
#11853499,Jonathan,MacLeod,2.38,77
#11856401,Benjamin,Simpson,2.90,121
#01711855,Adrian,McLean,2.85,135
#11882148,William,Davies,2.02,59
#01777941,Sue,Piper,2.37,75
#11755949,Neil,Sutherland,2.02,80
#10745473,Rachel,Avery,2.86,88
#11753761,Kevin,Lawrence,2.33,36
#00855624,Joseph,Cameron,3.11,25
#01865882,Jessica,Hunter,2.36,101
#01775255,Colin,Springer,1.53,63
#11804543,Lily,North,2.28,137
#10791913,Donna,Robertson,2.52,17
#01739269,Michelle,Carr,3.22,109
#11718929,Lillian,Bailey,2.44,44
#11795958,Dylan,Peters,3.52,109
#10748330,Dorothy,Reid,3.43,62
#11854909,Trevor,McGrath,1.53,107
#10786823,Mary,Howard,2.06,107
#01756939,Adam,Alsop,2.94,93
#11848478,Rose,Gray,2.75,53
#00807551,Julia,Brown,1.21,118
#10741595,Blake,Graham,1.88,97
#10799020,Frank,Clark,2.53,67
#00889109,Leah,Kerr,2.83,83
#00834224,Bernadette,Sharp,1.88,50
#10788308,Owen,Hudson,3.07,47
#10877288,Evan,Ince,1.84,88
#10838061,Sally,Bell,3.82,25
#10818101,Theresa,Powell,2.55,49
#11826251,Kylie,Ball,1.51,95
#11769647,Michelle,Short,2.26,59
#10787372,Emma,Watson,2.81,36
#10852045,Yvonne,Morgan,3.23,74
#11869349,Madeleine,Rampling,3.71,142
#10883480,Katherine,Rutherford,2.27,95
#00809790,Stewart,Lyman,2.69,74
#00786134,Dominic,Brown,2.39,80
#01816216,Anthony,Fraser,2.92,72
#00859601,Nicholas,Chapman,2.47,30
#10849356,Nicola,Glover,2.69,102
#00869731,Tracey,Metcalfe,2.37,137
#10811892,Adrian,Oliver,2.19,73
#10757664,Alexander,Mackenzie,2.98,45
#11863316,Colin,White,2.42,142
#00873952,Jonathan,King,2.01,17
#00814202,Lucas,Ross,2.24,39
#10873362,James,James,2.22,78
#11809573,Dominic,Slater,3.96,102
#10727528,Brian,Fisher,3.19,43
#01855971,Cameron,Henderson,3.61,116
#10769256,John,Nash,2.52,16
#10847969,Deirdre,Peters,2.72,28
#11848839,Ava,Young,2.28,41
#11718870,Amanda,Edmunds,3.18,41
#00799457,Kylie,Gill,2.50,46
#00838582,Dorothy,Allan,3.39,48
#00816722,Nathan,Pullman,1.03,117
#00801310,Lillian,Mathis,2.94,16
#01793593,Yvonne,McDonald,2.97,71
#10801882,Maria,White,3.48,69
#01746913,John,Brown,2.45,42
#01857887,Jack,Buckland,2.94,125
#00793053,James,Scott,1.51,117
#10811911,Isaac,Vaughan,1.15,54
#00791833,Sophie,Harris,1.75,48
#00811568,Carolyn,Cornish,2.19,98
#00725678,Stephen,Bond,2.87,116
#01888629,Heather,Sanderson,1.69,32
#01727947,Anthony,Greene,2.35,76
#10816444,Pippa,Nash,2.32,30
#00819159,Una,Abraham,2.70,51
#00807089,Zoe,Sharp,3.80,105
#00741503,Warren,Mills,3.52,86
#11787699,Amanda,Hill,2.04,59
#11779262,Adrian,White,2.91,47
#10764527,Cameron,Berry,2.32,120
#11778408,Deirdre,Gibson,2.08,20
#01825540,Trevor,Simpson,3.46,68
#11714370,Frank,Ross,2.35,86
#01805864,Bernadette,Walsh,3.60,59
#01885070,Nathan,Oliver,2.73,135
#10805600,Emily,Turner,2.75,36
#00887192,Warren,Sutherland,2.57,55
#11822514,Jake,Poole,2.48,18
#11828704,Joanne,Hodges,3.98,43
#00737303,Charles,Campbell,3.66,33
#11721963,William,Forsyth,2.46,76
#10876269,Ian,Martin,2.98,124
#01723222,Luke,Hill,2.83,99
#01879433,Trevor,Langdon,2.68,77
#10859114,Christopher,Robertson,2.34,57
#00837636,Carl,Powell,1.87,75
#00778960,Colin,Stewart,2.88,101
#01718683,Isaac,Mackay,3.21,54
#11828401,Bernadette,Pullman,1.51,127
#00883493,Victoria,McDonald,2.11,82
#11881643,Eric,Campbell,1.75,60
#00834608,Alexander,Hamilton,0.52,76
#11878764,Sam,McDonald,2.63,112
#00878733,Pippa,Nolan,2.48,122
#10846463,Sarah,Avery,3.23,114
#10712607,Dylan,Tucker,2.17,139
#00853589,Piers,Roberts,3.56,78
#10714819,Stewart,Hodges,3.16,66
#01862504,Connor,Butler,3.17,99
#01722170,Rebecca,MacDonald,3.09,101
#01882832,Dorothy,Hodges,2.64,136
#10836944,Michael,McGrath,2.34,91
#11875841,Leah,Tucker,2.47,59
#01824057,Sonia,Roberts,2.13,12
#01817264,Lisa,Dyer,3.68,19
#10744562,Liam,Forsyth,1.73,96
#00747076,Abigail,McLean,2.13,129
#01822704,Emily,Campbell,3.32,35
#00758569,Lauren,Mitchell,1.85,86
#00855103,Alan,May,1.94,45
#11875327,Max,Graham,3.25,74
#10712515,Emily,Forsyth,2.92,71
#01737557,Alison,Hunter,2.99,53
#01728231,Connor,MacLeod,2.61,87
#00786522,Pippa,Martin,3.84,136
#01883521,Claire,Hardacre,2.04,32
#01858328,Cameron,May,2.89,86
#00714582,Stephen,MacDonald,3.93,23
#11868293,Peter,Henderson,1.81,118
#00712205,Julia,Ferguson,3.50,101
#11714664,Lillian,White,3.91,109
#01724015,Dylan,Nolan,2.74,53
#01712541,Michael,Jackson,2.12,113
#11881391,David,Quinn,3.29,107
#10888251,Dorothy,Mackay,2.97,64
#11733052,Donna,Avery,2.57,117
#10759621,Lauren,Scott,2.10,108
#10824177,Simon,Peake,2.19,130
#01805320,Zoe,Hardacre,2.51,121
#10808059,Benjamin,Powell,3.11,42
#01802913,Vanessa,Paterson,0.50,88
#01877173,Gabrielle,Ince,3.21,63
#11787493,Jane,Grant,3.49,135
#01738692,Kylie,Cameron,2.01,83
#11871331,Anthony,Burgess,2.55,64
#10748257,Jane,Quinn,3.52,62
#11848473,Fiona,Jackson,2.81,115
#00751764,Jennifer,Hart,3.45,133
#01751264,Victoria,Thomson,2.65,28
#10817177,Steven,Edmunds,3.80,42
#01732192,Diana,Edmunds,3.61,82
#10807264,Liam,Bailey,2.31,96
#00777722,Christian,Edmunds,1.32,18
#10865186,Fiona,Anderson,3.81,14
#00794127,Mary,Lawrence,3.80,60
#10853323,Audrey,Walsh,1.71,67
#01826065,Paul,Morgan,1.21,91
#00751793,Christian,Grant,2.72,25
#00793119,Oliver,Ince,3.42,105
#11829205,Robert,Cameron,3.86,110
#10766043,Lucas,Rampling,2.20,39
#10838709,Elizabeth,Hill,2.81,116
#10777445,Felicity,Graham,3.60,27
#11814232,Una,White,2.61,84
#01748993,Sarah,Jackson,3.78,73
#11713495,Ruth,Jackson,3.08,133
#01845416,Isaac,Hudson,0.59,83
#01866294,Ella,Hunter,2.19,96
#01877123,Stephanie,Lee,2.91,120
#00729703,Carol,Fraser,2.32,43
#11812115,Sam,Oliver,3.12,56
#01812799,Bella,Vaughan,2.49,116
#01777469,Harry,Burgess,3.10,112
#10716001,Neil,Peake,2.05,132
#01829876,Tracey,Piper,2.67,107
#01876782,Kylie,Edmunds,2.60,106
#10848679,Nathan,Mackay,2.17,37
#10829014,Alan,Fisher,3.73,42
#01857260,Carolyn,Roberts,3.18,122
#01746054,Caroline,Clarkson,3.53,107
#01883053,Anthony,Watson,2.97,53
#01858829,Jonathan,Rutherford,3.50,13
#10732217,Gavin,Allan,2.39,70
#11816702,Grace,Duncan,2.21,135
#10727141,Tim,May,3.97,91
#10873957,Hannah,Buckland,1.27,51
#00778904,Dominic,Lyman,2.75,45
#11866633,Dominic,Tucker,2.88,127
#10872568,Eric,Martin,0.71,132
#10787120,Samantha,Dowd,2.67,139
#11762006,Caroline,Wilkins,2.28,127
#01827854,Sarah,Alsop,2.47,136
#01772052,David,Gray,3.30,82
#01847513,Liam,Clarkson,1.92,111
#00753860,Leonard,Stewart,3.31,82
#10714089,Jane,Clarkson,1.98,95
#00879297,Richard,Miller,2.34,93
#10724182,Liam,Duncan,3.23,142
#10755179,Ruth,Graham,2.17,69
#00823303,Jennifer,Morgan,2.21,27
#01728399,Lucas,Lambert,3.67,40
#10755991,Emily,Butler,3.01,113
#10835404,Sonia,McLean,2.07,90
#10774691,Keith,Grant,3.59,33
#00824896,Megan,Anderson,2.05,118
#10837526,Lauren,Payne,2.15,132
#11793685,Brian,Knox,2.01,78
#11829099,Dan,Sutherland,3.64,122
#01765490,Jacob,Piper,2.74,62
#01869475,Heather,Murray,2.27,111
#01822140,Hannah,Sutherland,3.17,106
#11889686,Ava,Marshall,3.41,76
#00861965,Hannah,Hart,2.95,109
#00797739,Joseph,MacDonald,3.26,17
#01808849,Thomas,Terry,2.78,103
#00733195,Anna,Ross,3.46,141
#11849857,Alexander,North,3.22,21
#10799686,Joe,Knox,2.32,18
#01786944,Joe,Berry,3.81,119
#01784821,Stephen,Mitchell,3.02,92
#10875882,Molly,Kerr,3.94,12
#01859820,Lisa,Payne,2.24,75
#00801718,Anthony,Manning,3.22,50
#11727898,Hannah,Sharp,3.85,127
#10717690,Oliver,Campbell,1.96,83
#10745185,Gavin,Arnold,3.36,83
#01788967,Penelope,Hardacre,2.46,25
#11813954,Eric,Dowd,3.21,19
#00761295,Megan,Ellison,3.25,56
#01854987,Caroline,Hunter,2.62,40
#11874258,Adam,Watson,2.28,30
#11887103,Phil,Wilkins,2.26,39
#01876851,Joshua,Allan,2.95,48
#01711436,Austin,Wilson,3.35,135
#11738154,Bella,Davidson,2.23,134
#01875052,Anthony,Hunter,2.33,34
#01771410,Christopher,McGrath,1.72,96
#01823478,Charles,Poole,3.32,142
#10774207,Hannah,Stewart,2.06,96
#10822208,Joe,Dickens,1.85,54
#01855231,William,Quinn,2.76,117
#11879529,Emma,Hemmings,2.80,89
#10859296,Alan,Berry,3.45,118
#01785614,Alan,Walker,3.23,65
#01842085,Leah,Coleman,1.65,112
#11716261,Stephen,Walker,2.22,18
#01819572,Virginia,Wright,3.31,17
#11874799,Justin,Miller,3.20,75
#11722905,Grace,Blake,3.28,69
#10728232,Nicola,Jones,3.73,111
#11826564,Diana,Langdon,1.84,34
#00835818,Colin,Peake,2.03,88
#10868521,Christopher,Mitchell,2.26,34
#01775879,Emma,Black,2.21,56
#10877787,Alan,Nolan,1.68,121
#01813684,Tim,Greene,2.36,96
#11832811,Joan,Kerr,3.23,62
#11824734,Kimberly,Wallace,2.66,137
#11812602,Leonard,McGrath,2.83,34
#00883953,Ruth,Lawrence,2.31,79
#11728765,Amy,Piper,3.95,138
#11806782,Warren,Simpson,3.70,129
#11794562,Victoria,James,2.90,74
#11737777,Liam,Kerr,2.10,126
#11715940,Jacob,Peters,2.69,133
#11869526,Oliver,Allan,2.95,129
#01816740,Keith,Black,3.97,102
#01889347,Melanie,Manning,3.48,66
#01757865,Boris,Glover,1.60,82
#11764226,Sam,Scott,2.40,84
#00857262,Joseph,Peters,2.09,131
#10748013,Virginia,Hart,3.45,40
#00726929,Jason,Blake,3.15,50
#11788416,Connor,Edmunds,3.96,107
#10734226,Matt,Oliver,3.16,98
#00826508,Simon,Brown,2.86,125
#11767071,Zoe,Wallace,1.62,87
#01797625,Caroline,Lyman,2.68,131
#11739149,Maria,Watson,2.69,49
#11847871,Michael,Henderson,3.01,67
#01714860,Matt,Slater,3.75,12
#10813573,Molly,Allan,2.05,78
#11715289,Anthony,McDonald,2.94,31
#00724983,Blake,Mitchell,3.96,125
#01874118,Ella,Ball,2.09,105
#00811815,Robert,Dowd,2.43,46
#01831383,Sophie,Mills,2.87,131
#11803060,Natalie,Davies,2.73,108
#11806398,Amanda,Wilkins,3.26,108
#00829658,Gavin,Slater,3.36,46
#00861334,Sarah,Knox,3.43,100
#01749226,Samantha,Grant,3.22,64
#10828070,Trevor,Welch,1.69,30
#01812094,Chloe,Dowd,2.82,85
#11738091,Blake,Hamilton,2.82,36
#11873325,Cameron,Dickens,3.82,31
#00786579,Jacob,Nolan,2.99,32
#00754423,Stephanie,Wright,2.71,111
#11751426,Alison,Coleman,2.72,109
#10813574,Alan,Hart,2.63,86
#11738273,Dorothy,Bailey,3.32,53
#11752320,Cameron,Forsyth,2.72,12
#00733929,Anna,Simpson,3.53,73
#01866377,Gordon,Lawrence,2.87,62
#00848551,Jan,Newman,2.88,96
#01843137,Nathan,Paige,3.14,18
#01839055,Michael,McLean,3.72,63
#11746129,Connor,Allan,3.49,77
#01759200,Charles,Churchill,2.56,46
#11719723,Carolyn,Ellison,2.63,96
#01889628,Brian,Powell,2.16,13
#00781802,Stephen,Morgan,2.58,125
#11832935,Isaac,Peake,0.53,29
#10873501,John,Vaughan,2.20,30
#11807476,Paul,Poole,2.85,128
#10753172,Colin,McGrath,2.87,93
#00757657,Sam,Morgan,2.56,31
#00868765,Melanie,Wright,2.77,128
#01719143,Emma,Brown,3.38,36
#01848814,Phil,Russell,2.87,70
#10855751,Rose,Ince,2.91,116
#00852701,Anna,Burgess,3.95,127
#01809297,Jennifer,Bower,2.40,108
#00728531,Isaac,Kerr,3.07,133
#01867788,Nicola,Gray,2.05,70
#11849498,Andrea,Martin,1.93,104
#11862269,Harry,Carr,3.82,62
#01823599,Steven,Forsyth,2.49,59
#11774130,Kimberly,James,1.19,44
#01878413,James,Piper,2.46,124
#11807576,Faith,Ellison,3.46,63
#00802715,Jasmine,Ogden,2.80,112
#11776958,Sarah,Kerr,3.14,87
#11723958,Diane,Tucker,3.68,25
#01711427,Luke,Mackenzie,2.57,62
#10776187,Joe,Chapman,2.87,43
#11861735,Diana,Knox,2.54,48
#01735778,Gordon,Ogden,3.35,26
#11746497,Jessica,Oliver,2.44,71
#01852866,Bernadette,Davies,3.87,48
#10808379,Owen,Bailey,3.71,140
#01881761,Anne,Quinn,2.49,69
#00724415,Ava,Mackenzie,2.52,51
#11766953,John,Terry,1.91,36
#10716596,Max,Chapman,1.33,61
#00886303,Edward,Powell,2.84,116
#11878142,Ava,Coleman,3.77,45
#10738806,Lily,Lewis,1.87,40
#11866407,Benjamin,Russell,1.10,76
#10757715,Alexander,Butler,3.78,117
#10833940,John,Gibson,2.36,80
#10776410,Owen,Chapman,1.99,131
#00775095,Felicity,Rees,2.70,23
#00765072,Jane,Mackay,3.32,115
#01842189,Gabrielle,Nash,2.45,75
#11826073,Jack,Coleman,3.68,76
#01791508,Brian,Mitchell,2.53,51
#11832238,Brandon,Lyman,2.24,73
#10768291,Jane,Simpson,3.09,59
#11809661,Pippa,Rutherford,3.26,111
#01714911,Dominic,Black,2.33,88
#00879708,Wanda,Jackson,3.44,114
#11807240,Steven,Taylor,2.97,34
#01817978,Amelia,Ogden,3.67,37
#11862635,Frank,Burgess,2.73,132
#10726558,Max,Ross,3.78,100
#00766099,Heather,Black,3.00,129
#01824444,James,Henderson,2.90,142
#01722976,Kevin,Walker,2.77,27
#01713323,Fiona,Nash,3.19,117
#01756106,Kylie,Avery,3.27,100
#01753073,Christopher,Rampling,3.36,54
#11871479,Abigail,Ince,3.43,17
#00771796,Jonathan,Sutherland,1.90,25
#01811355,Irene,Churchill,3.55,125
#10858162,Fiona,McDonald,3.06,127
#00851750,Kevin,Chapman,2.56,92
#11858536,Steven,Chapman,3.94,139
#00798140,Victor,Arnold,3.88,38
#00871863,Chloe,Fisher,3.56,118
#00714328,Katherine,Walsh,2.49,43
#01827130,Nicola,Welch,1.64,24
#11773828,Keith,Nolan,2.57,23
#01847192,Abigail,Black,2.82,130
#10798078,Grace,Wilson,2.25,118
#11745484,Samantha,Knox,3.47,102
#10851716,Alan,McGrath,3.39,77
#00811810,Neil,Short,3.59,33
#01743052,Madeleine,Abraham,3.82,123
#00741555,Sonia,Taylor,3.53,48
#00769073,James,Oliver,3.45,56
#01843385,Karen,Bower,2.00,128
#11719505,Warren,Forsyth,2.21,131
#11834020,Carolyn,Buckland,2.17,125
#11786110,Katherine,Ross,3.19,128
#10729404,Steven,Turner,3.40,135
#01779687,Joe,Vaughan,2.92,140
#11875010,Amanda,Walker,2.49,65
#01868875,Luke,McGrath,3.98,45
#10772959,John,Glover,2.35,34
#01777241,Gavin,MacDonald,2.83,85
#01783273,Tim,Hudson,2.73,33
#10818759,Robert,Henderson,1.79,142
#01728428,Amanda,Mathis,3.23,23
#11734821,Colin,Bell,2.29,141
#10803581,Neil,Rampling,3.79,81
#10779638,Victoria,Coleman,2.25,58
#10796689,Cameron,Sutherland,2.94,113
#01762800,Simon,Welch,2.99,86
#00723115,Sophie,Randall,3.20,54
#11847401,Victor,Kerr,3.81,142
#01763047,Phil,Hunter,2.89,80
#01734497,Ruth,Oliver,3.64,82
#10879173,Dominic,Wright,2.12,21
#11879051,Natalie,Hill,3.04,114
#11887442,Alan,Henderson,3.15,128
#00732719,Gabrielle,Bailey,3.11,51
#01865378,Stewart,Sharp,2.99,141
#11833412,Brandon,Rutherford,2.91,91
#00835088,Christopher,Peters,3.10,110
#00786685,Anthony,Ball,2.76,88
#11884871,Emma,McLean,1.57,98
#00718447,William,Alsop,3.77,26
#00793047,Trevor,Hamilton,3.85,72
#00845524,Tim,Coleman,2.59,79
#01816540,James,Duncan,1.92,61
#11789341,Stewart,Langdon,3.94,60
#11775864,Anne,Sanderson,3.27,112
#10759293,Sophie,Anderson,3.63,34
#11844370,Nicola,Mathis,2.47,50
#01765850,Gavin,Turner,2.17,108
#11834629,William,Fraser,3.27,46
#10853739,Jennifer,Wilson,1.70,76
#01886676,Vanessa,Kelly,2.30,33
#10789010,Sam,Smith,3.75,73
#00779297,Jane,Wilkins,1.82,110
#11728371,Penelope,King,2.91,85
#01739549,Samantha,Langdon,2.47,119
#10802017,Molly,Ferguson,2.63,68
#01718564,Nathan,Lambert,3.69,136
#10766229,Matt,Mackenzie,2.21,103
#01848885,Gavin,Hodges,3.05,105
#01759705,Luke,Wallace,1.96,27
#00729105,Boris,Reid,2.25,108
#01875647,Ava,Arnold,3.12,91
#11883239,Neil,May,2.33,84
#11846615,Boris,Young,3.81,138
#10871818,Sean,Gibson,3.61,66
#11807320,Jacob,Wallace,2.85,108
#11783965,Paul,Buckland,2.80,82
#01847271,Sebastian,Lawrence,3.48,66
#00873655,Kylie,Nash,3.82,138
#00883758,Owen,Paige,3.43,93
#00783406,Maria,Greene,3.49,87
#01789581,Natalie,Sharp,3.26,73
#00713838,Gavin,James,2.10,108
#01767760,Jack,Mackenzie,3.87,69
#01788528,Sue,James,2.27,53
#01821486,Tim,Allan,3.65,61
#11872974,Adrian,Newman,2.38,123
#11784850,Adam,May,3.47,46
#11888675,Michael,Howard,2.55,119
#10858780,Bella,Taylor,2.40,65
#01722542,Rachel,Campbell,1.98,49
#11885212,Donna,Knox,1.26,79
#01756217,Andrew,MacLeod,1.59,59
#00776631,Alexander,Lewis,3.57,33
#01719843,Jason,Young,2.10,28
#01739326,Michelle,Mills,1.69,114
#10724437,John,Blake,1.93,104
#01808873,Tim,Underwood,2.16,122
#01752251,Carol,Cornish,2.71,63
#11833786,Jessica,Mackenzie,2.02,98
#11826944,Vanessa,Grant,3.31,103
#10771774,Peter,Bailey,3.96,39
#01807308,Elizabeth,Miller,3.31,96
#00718316,Amy,Brown,2.70,66
#10744478,Olivia,Bond,2.04,86
#10875581,Grace,Ball,3.69,141
#00807988,Sebastian,Tucker,3.70,43
#10719022,Molly,Lyman,2.27,92
#01821712,Carol,Ince,3.88,132
#11746935,Jake,Dyer,1.85,86
#11826106,Richard,Rees,3.20,122
#01725813,Caroline,Rampling,2.99,71
#11782596,Joshua,Churchill,3.67,12
#10758800,Robert,Metcalfe,3.75,139
#01796839,Michael,Knox,2.74,114
#10725898,Anne,Clark,3.21,122
#11761601,Wendy,Wilson,2.60,95
#10821454,Michelle,Burgess,2.80,85
#11797646,James,Berry,1.61,83
#10886997,Emma,Davidson,2.25,75
#10782344,Jessica,Paige,3.36,12
#10796688,Blake,Pullman,3.63,85
#11783946,Evan,Edmunds,2.97,66
#01768821,Julia,Murray,1.75,99
#01735859,Peter,Paterson,2.57,106
#11816226,Chloe,Chapman,3.10,23
#00807507,Tim,Quinn,2.53,32
#01831843,Brian,Hunter,3.11,54
#00727452,Ryan,Tucker,3.65,39
#10775077,Bella,Gill,3.26,34
#10735962,Joshua,Carr,3.50,95
#10883709,Dan,Graham,3.90,75
#11857741,Max,Bond,2.20,36
#01874743,Thomas,North,3.20,109
#10824393,Victoria,Ince,2.17,125
#00786211,Tracey,Howard,3.83,27
#10885295,Sue,Knox,2.25,30
#11869761,Evan,Bower,3.96,119
#01855813,Piers,Springer,1.80,90
#01845590,Emma,King,0.95,77
#01758411,Angela,Rampling,1.14,97
#10812582,Kevin,Duncan,3.90,138
#01732646,Frank,Hemmings,3.04,44
#00848711,Diane,King,3.60,133
#10768461,Gordon,Glover,2.79,39
#01796792,John,Alsop,2.16,54
#00792977,Dorothy,Young,2.02,102
#11753381,Caroline,Skinner,2.02,63
#00876889,Bella,Turner,2.70,17
#11796892,Grace,Parsons,3.16,103
#10812087,Pippa,Henderson,2.19,42
#00769506,Nicola,Lambert,3.64,57
#11844468,Lauren,Dyer,3.13,22
#01854239,Emily,Berry,2.32,33
#00786309,Dan,Nash,2.90,60
#10884034,Oliver,Clark,1.97,93
#10839770,Phil,McLean,1.64,25
#11715262,Carol,Kerr,2.80,95
#01724828,Jessica,Abraham,2.58,22
#01806692,Alexander,Stewart,2.07,12
#11718428,Leah,Butler,2.51,36
#11872061,Anna,Ogden,3.15,98
#00819351,Gabrielle,Martin,2.94,28
#01875829,William,Davidson,2.67,60
#00825365,Heather,Marshall,1.02,30
#01777944,Virginia,Burgess,2.53,103
#10851604,Jake,Dickens,3.44,85
#00758541,Christian,Kerr,3.05,81
#11718339,Diana,Watson,2.99,142
#11745999,Stephen,Duncan,2.17,52
#00798047,Grace,Carr,3.37,14
#11844145,Abigail,Nolan,2.61,53
#00747814,Ava,Sanderson,3.30,139
#00818666,Ruth,Gill,3.24,14
#11856263,Olivia,Fisher,2.36,130
#01724365,Max,Hodges,2.79,138
#10848190,David,Berry,2.77,34
#01814160,Piers,Short,3.26,55
#01799809,Austin,Reid,1.96,110
#11763665,Andrea,Jackson,2.05,115
#01801451,Justin,Avery,2.44,134
#00766694,Vanessa,Sharp,3.87,34
#00775460,Ella,Hughes,2.93,92
#11845203,Ava,Simpson,3.65,45
#01808659,Owen,Hunter,3.48,61
#00823683,Hannah,Wallace,3.80,112
#01786402,Boris,May,3.91,55
#00725311,Bernadette,Mills,3.10,47
#11732606,Julia,Burgess,0.83,62
#00757286,Adam,Morrison,2.70,97
#11885125,Rebecca,Baker,2.44,82
#00812385,Zoe,Roberts,1.94,108
#01815061,Rachel,Buckland,3.13,19
#01726560,Sarah,Howard,2.71,44
#00862761,Hannah,Scott,3.30,88
#11762695,Anna,Nash,3.34,61
#11823169,Vanessa,Peters,1.53,24
#01762754,Jennifer,McGrath,3.07,76
#00808423,Max,Ellison,1.57,77
#00822821,Zoe,Peake,3.20,22
#01732257,Lauren,Reid,3.27,123
#01886175,Boris,Marshall,2.24,15
#10727101,Paul,Paterson,2.90,96
#10808044,Tracey,Churchill,2.12,84
#11785021,Una,Harris,2.58,111
#00765473,Jessica,Dickens,3.41,137
#11738755,Madeleine,Peake,2.37,100
#10807769,Adrian,Edmunds,3.09,133
#00725169,Sarah,Ince,3.50,118
#11874826,Sean,Cornish,2.21,20
#00869673,Angela,Turner,2.25,38
#10843243,Warren,Mackenzie,2.47,138
#00776810,Joan,Blake,3.88,123
#01747424,Alan,Lee,1.75,123
#10738015,Michael,Sanderson,2.68,140
#01813996,Heather,Stewart,3.27,22
#10846424,Carolyn,Grant,3.14,122
#00809567,Katherine,Russell,3.65,20
#11842688,Colin,Clarkson,0.93,95
#01713113,Zoe,Wilson,2.04,132
#01819414,Wendy,Black,2.63,14
#10878697,Bella,Dyer,3.85,112
#10865294,Yvonne,Dowd,3.83,75
#10772038,Adam,Kelly,2.66,131
#00839750,Frank,Slater,2.94,142
#11869133,Vanessa,King,3.75,24
#01762407,Adam,Bell,2.36,95
#00862997,Ella,Wallace,2.86,60
#00858769,Tim,Miller,3.10,81
#00742542,Boris,Wilkins,3.67,54
#00852705,Ian,Butler,1.95,125
#00881994,James,Clark,3.25,48
#00713052,Ian,Miller,1.97,134
#00876164,Max,Gill,3.84,60
#00776501,Bella,Ellison,3.44,25
#00793141,Dylan,Lee,2.43,77
#11823187,Tim,Morgan,2.45,43
#11728965,Peter,Chapman,2.89,88
#01829111,Jason,Bond,2.63,38
#01735021,Charles,Ogden,2.48,42
#01717571,Gordon,Fisher,1.90,49
#00764684,Vanessa,Thomson,3.31,104
#10746359,Irene,Langdon,3.85,83
#10736065,Jan,Dickens,3.55,36
#01847133,Leonard,Payne,3.80,141
#01811279,Sebastian,Hamilton,1.58,49
#01857912,Amanda,Hodges,2.92,86
#11731966,Ryan,Hemmings,3.38,127
#11741738,Deirdre,Simpson,3.77,75
#01856766,Jonathan,Powell,3.28,22
#11851963,Kylie,Ross,2.03,134
#01801699,Vanessa,Jones,2.30,38
#10849086,Audrey,Smith,2.56,101
#11727608,Abigail,Wilson,1.52,106
#01882115,Cameron,Slater,2.03,65
#11869399,Joanne,Dickens,2.64,135
#11794520,Dominic,Martin,3.05,105
#00818218,Ella,Morrison,3.25,23
#10817519,Diane,Abraham,3.21,16
#10762554,Anne,Simpson,2.94,60
#10711507,Sean,Russell,1.78,103
#10876137,Lily,Clarkson,3.08,52
#01776142,Nicola,Nash,2.22,115
#11839038,Madeleine,Terry,2.23,133
#10738220,Rose,Clark,3.51,84
#10782705,Thomas,Smith,3.51,71
#10714024,Lauren,Simpson,1.77,24
#11766330,Christopher,Wright,1.89,51
#10764086,Audrey,Morrison,1.93,86
#00785285,Rose,Lambert,1.70,21
#00815343,Dan,Jackson,0.73,39
#10862892,Phil,Springer,3.55,82
#00777307,Joshua,Wilson,2.01,31
#11848255,Trevor,Peake,0.85,124
#10868610,Una,Baker,2.38,19
#00887383,Chloe,Alsop,3.96,112
#11847269,Dan,Forsyth,2.52,101
#11785201,Boris,Dyer,3.60,65
#10794352,Grace,Springer,2.16,136
#00805956,Katherine,Payne,2.58,25
#00818470,Joanne,Hudson,2.23,51
#01823772,Alan,Grant,2.95,61
#00857481,Lillian,James,2.43,131
#10802480,Leah,Berry,2.65,89
#01757288,Phil,MacDonald,2.38,30
#10823776,Penelope,Mackay,2.30,99
#10732086,Abigail,Wilkins,2.32,131
#01753862,Karen,McDonald,2.17,105
#01714758,Owen,Langdon,2.74,43
#00822687,William,Hamilton,1.93,23
#11744187,Megan,MacDonald,2.16,117
#00877434,Katherine,Black,3.83,56
#10823531,Ian,Hill,3.81,103
#10843514,Brian,Rampling,1.91,67
#11815538,Trevor,Ince,3.62,12
#00851740,Donna,Watson,3.31,60
#01711451,Joshua,Vaughan,2.61,42
#00785223,Trevor,Walker,3.75,127
#10854050,Rose,Lawrence,3.82,78
#11764548,James,Bell,3.19,25
#01714827,Amelia,Thomson,2.44,134
#10816819,Paul,Baker,2.80,97
#11877286,Boris,Anderson,2.81,94
#01827770,Carl,Russell,3.81,131
#01854971,Theresa,Sutherland,3.94,76
#00798131,Michelle,Vance,3.17,35
#10824183,Victor,Clarkson,3.65,61
#00884073,Kimberly,Hill,3.06,134
#00782142,Paul,King,3.45,47
#10883325,Owen,Watson,1.84,14
#01749012,Jasmine,Gibson,3.84,78
#10744456,Warren,Hardacre,3.50,86
#00725602,Olivia,Harris,1.86,107
#10713630,Harry,Avery,2.59,16
#11761585,Christian,Scott,2.86,113
#10862430,Melanie,McDonald,3.60,115
#11857790,Felicity,Gill,3.30,76
#00859527,Alexander,Rampling,2.16,73
#00851467,Jack,Lyman,2.06,125
#00742822,Sam,Buckland,2.95,92
#10848796,Kevin,Nolan,2.92,31
#00761537,Ruth,Ogden,3.17,32
#01875493,Warren,Walsh,3.30,132
#11733488,Joseph,Metcalfe,3.01,46
#00736120,Joe,Gill,2.70,92
#00854315,Diana,Graham,3.11,63
#01731691,Carl,McLean,3.08,43
#10781667,Vanessa,Wallace,2.40,119
#00883949,Julia,Parsons,3.61,140
#10768302,Amy,Sutherland,2.27,138
#01754180,Peter,Wilson,2.10,118
#00845477,Jake,Scott,3.79,20
#00777945,Thomas,King,1.90,16
#11835631,Harry,Bailey,3.30,58
#01742600,Jan,Ellison,1.70,17
#11847724,Liam,Piper,3.62,78
#10723751,Peter,Bower,2.00,28
#10718183,Alexandra,Lee,3.75,126
#00886116,Joshua,Paige,2.67,71
#11843440,Sarah,May,2.18,52
#11802329,Evan,Newman,1.93,52
#11729768,Molly,Walker,2.23,82
#11853090,Victoria,Metcalfe,3.26,120
#01747971,Molly,Hunter,2.99,122
#00784491,Yvonne,Henderson,2.88,83
#00871322,Blake,Payne,3.10,114
#10742385,Zoe,Dowd,3.63,19
#10876395,Simon,Chapman,3.24,87
#00856027,Sam,Hudson,2.70,127
#01722404,Austin,Lee,3.24,84
#10817554,Donna,Mills,2.18,72
#10797926,Nathan,McLean,1.53,91
#11887571,Lily,Thomson,2.25,110
#11716221,Nicola,Slater,3.75,68
#10878355,Irene,Ferguson,2.81,30
#10846005,Nicola,Piper,2.77,15
#00865490,Trevor,Paige,0.67,67
#10803855,Bella,Scott,2.52,67
#10873587,Hannah,Rutherford,2.72,23
#10722009,Anne,Thomson,2.15,117
#10764222,Robert,Forsyth,2.97,76
#00775252,Deirdre,Brown,3.65,102
#00735989,Isaac,Hamilton,1.77,141
#10881815,Wendy,Ferguson,2.44,70
#00865061,Adam,Roberts,3.90,105
#10866804,Tracey,Pullman,0.79,89
#01765473,Penelope,Dickens,2.53,118
#01749598,Alexander,Oliver,2.44,116
#10815477,Boris,Turner,2.48,113
#01796368,Hannah,Piper,2.32,127
#10785957,Thomas,Mackay,2.68,109
#01796846,Lucas,Morgan,3.39,76
#00818798,Kylie,Hardacre,3.60,46
#10867752,Hannah,Coleman,1.80,100
#01712288,Deirdre,Wallace,3.52,141
#10802857,Peter,Dyer,2.46,32
#01726946,Sean,Walsh,2.05,33
#10727823,Jasmine,Hughes,2.20,16
#11795156,Thomas,Hodges,3.58,58
#11716890,Rachel,Watson,3.02,99
#10788954,Wendy,McDonald,2.44,53
#10878440,Christopher,Powell,1.62,80
#00714419,Kimberly,Murray,3.14,53
#11733378,Stephen,Bailey,2.52,16
#00783465,Sarah,Hunter,2.76,106
#10758276,Julian,Churchill,1.94,38
#00856433,Brian,Martin,3.03,36
#00826089,Lily,Forsyth,2.71,117
#00853777,Joan,Reid,2.84,114
#11834575,Joseph,Hardacre,3.24,43
#00868339,Amelia,Lee,2.45,51
#00765364,Charles,Parr,3.23,140
#01731615,Robert,Mitchell,2.94,72
#01867556,Andrea,Graham,1.07,72
#10844762,Amelia,Simpson,2.95,129
#01818650,Molly,Lee,3.11,93
#00886234,Peter,Gill,2.70,13
#10808622,Elizabeth,Rampling,3.76,63
#01761707,Edward,Rutherford,3.46,31
#10744289,Michael,Clarkson,2.31,101
#11857975,Sean,Hunter,3.89,21
#11857600,Max,Harris,3.61,66
#00867173,Keith,Davies,2.66,38
#00732650,Connor,Hill,3.29,96
#00862026,Jane,McLean,2.79,108
#01732178,Joan,Edmunds,2.35,50
#10878323,Trevor,Morgan,3.90,137
#01775156,Gordon,Burgess,3.60,108
#10874018,Joan,Fraser,3.02,28
#11723095,Irene,Kerr,2.09,19
#00722535,Virginia,Lee,2.01,88
#11718241,Melanie,McLean,1.75,61
#00834269,Alexander,Martin,2.46,30
#11728834,Madeleine,Allan,2.90,99
#10809251,Julia,Ball,2.56,107
#01858258,Frank,Kerr,3.96,36
#11817156,Gavin,Bailey,3.66,123
#11858762,Jennifer,Cameron,3.41,123
#01827954,James,Forsyth,2.40,94
#01798505,Faith,Powell,2.28,101
#01738962,Anthony,MacDonald,3.11,38
#11761732,Richard,Parsons,2.64,139
#01879795,Wendy,Avery,3.70,118
#11806939,Elizabeth,Greene,2.87,16
#00874061,Grace,Rutherford,2.88,30
#11744678,Jasmine,Churchill,1.56,61
#11818932,Anna,Sharp,3.05,44
#01827523,Joshua,Newman,3.61,65
#01838337,William,Cornish,2.72,56
#11727866,Jonathan,Tucker,0.71,91
#11785795,Diane,Cameron,2.44,53
#11735854,Carl,Carr,2.66,85
#10885990,Angela,May,3.09,21
#11715251,Emily,Hart,3.59,116
#00757787,Frank,Sanderson,2.00,108
#10787756,Una,Sharp,2.19,69
#11838908,Oliver,Powell,2.91,47
#11852370,Amy,Nash,3.27,61
#00798237,Jessica,MacLeod,2.30,79
#01841565,David,Glover,2.33,41
#01861351,Michael,Wallace,3.91,54
#10811660,Anna,Wilkins,2.78,67
#10749467,Maria,Taylor,2.31,139
#00732214,Ruth,Peters,3.18,56
#10858236,David,Paterson,2.85,106
#11845187,Joan,Morrison,2.34,98
#00818450,Dominic,Lewis,2.23,61
#00732111,Brandon,Peake,3.08,125
#11832972,Michelle,Morgan,2.23,109
#11815223,Melanie,Dickens,3.73,30
#10765275,Sue,Welch,3.02,17
#00857256,Elizabeth,Slater,3.69,43
#11833547,Peter,Turner,3.69,37
#01737813,Karen,Blake,3.77,40
#10797514,Tim,Clark,3.46,113
#01877741,Kylie,Simpson,1.42,123
#10838379,Christopher,Scott,2.61,13
#11773693,Madeleine,Duncan,2.11,132
#11878797,Victoria,Watson,3.58,59
#00879214,Carl,Forsyth,2.73,102
#01867952,Leah,Oliver,2.35,93
#00781421,Neil,Morrison,3.96,99
#11825154,Thomas,Short,1.22,26
#01721587,Boris,Quinn,2.29,97
#01832754,Bella,Peake,1.75,32
#10827958,Sue,Hemmings,3.19,16
#00749071,Christian,Buckland,1.50,105
#00744072,Andrea,Smith,2.28,138
#01881329,Warren,Johnston,2.47,58
#11771591,Michelle,Ince,0.84,31
#00817429,Rebecca,Sharp,3.09,140
#00753090,Victoria,Gray,3.91,79
#11816742,Katherine,Ferguson,3.09,92
#11768258,Wendy,Howard,3.58,95
#11793346,Sophie,Springer,3.63,50
#01786739,Joan,Coleman,1.66,119
#11775083,Connor,Sanderson,2.10,119
#01778230,Joseph,Skinner,2.70,114
#00887454,Diana,Dickens,3.73,74
#00777600,Piers,Hardacre,2.16,27
#11841730,Joanne,Parsons,3.32,47
#01863670,Joanne,Sanderson,2.46,54
#11757947,Phil,Pullman,1.76,101
#11717167,Pippa,Peters,2.52,63
#01877051,Victor,Morgan,3.72,21
#11792139,Stewart,Parr,2.34,96
#10815672,Ryan,Graham,1.66,19
#00835459,Adrian,Nolan,3.49,83
#10782734,Liam,Bell,2.40,67
#00808111,Sophie,Bower,2.50,25
#11752119,Emma,Ogden,2.98,43
#01797417,Maria,Abraham,2.53,101
#10729555,Jack,Jackson,2.45,57
#01774404,Alexandra,Manning,2.87,37
#01762072,Gordon,Miller,2.81,29
#11842899,Blake,Miller,3.67,61
#00738917,Jake,Hughes,3.95,46
#01855287,Jane,Pullman,3.28,66
#00842610,Trevor,McLean,2.53,27
#01793479,Dylan,Marshall,3.14,135
#10756585,Jennifer,Dyer,2.92,109
#10773983,Joshua,Knox,3.27,106
#00744909,Connor,Peters,3.04,110
#11714523,Gordon,White,2.16,93
#11798948,Trevor,Buckland,3.43,48
#10756586,Stephanie,Poole,3.38,140
#00721592,Pippa,Anderson,2.12,50
#10733893,Joanne,Lyman,3.96,63
#10728750,Diana,Martin,2.90,126
#10725191,Julian,Gibson,2.13,47
#10832039,Piers,Rampling,1.42,23
#11864282,Blake,Hemmings,3.13,79
#11868413,Max,Rees,3.17,119
#00764854,Stewart,Blake,3.21,101
#00821667,Megan,Greene,3.53,46
#11838774,Heather,Walsh,3.66,77
#01886211,Vanessa,May,2.49,33
#10839419,Alan,Ince,3.61,127
#00786083,Jasmine,Smith,2.13,73
#10784406,Jane,Brown,2.82,62
#10793162,Jonathan,Lee,2.39,42
#11735476,Natalie,Simpson,3.16,31
#00735865,Jasmine,Hardacre,0.63,88
#01827081,Michelle,Cameron,1.79,25
#01868090,Lauren,Wilkins,2.62,60
#00739054,Jake,Simpson,3.33,85
#01716689,Evan,McDonald,2.12,73
#01786839,Wendy,Peake,3.46,41
#01782073,Jack,Morrison,1.90,91
#00868113,Brandon,Glover,2.97,63
#01732559,John,Lee,3.44,138
#00731655,Paul,Peters,2.88,30
#10862363,Natalie,Langdon,3.43,39
#11778834,Alexander,Hudson,3.64,70
#01772199,John,Dyer,2.75,114
#10863611,Trevor,Terry,2.34,90
#00804073,Emma,Paige,3.23,48
#10833303,Wanda,King,2.92,25
#00868159,Lauren,Skinner,2.41,119
#01846524,Anna,Churchill,2.90,107
#11737971,Lily,Parsons,2.72,113
#01872384,Una,Fraser,3.56,39
#10783231,Anna,Quinn,3.28,138
#10862755,Una,Stewart,3.99,112
#01786408,Austin,Hart,3.35,103
#01714116,Gordon,Hamilton,2.99,110
#10864468,Sam,Hughes,2.48,88
#11846045,Keith,Wright,2.87,23
#01753515,Ava,Cameron,4.00,61
#00847191,Yvonne,Springer,3.63,45
#11795705,Lauren,Ellison,2.21,24
#11853100,Matt,Dickens,2.12,50
#00769390,Brandon,Kerr,2.61,79
#10724706,Neil,Hamilton,3.88,131
#00822725,Nathan,Miller,1.79,54
#11828706,Jane,MacDonald,2.05,41
#01769675,Samantha,Ogden,2.64,60
#00752940,Sue,Chapman,3.03,12
#10721599,Blake,Forsyth,3.25,66
#10813392,Grace,Buckland,2.84,30
#10814715,Sonia,Dyer,3.82,68
#01796233,Owen,Sutherland,2.09,95
#01803013,Jasmine,Pullman,3.53,24
#11813786,John,Morrison,1.11,137
#00855262,Jake,Duncan,1.86,141
#11817401,Felicity,Baker,0.51,12
#10827080,Donna,Poole,3.78,41
#11811779,Fiona,Thomson,3.15,29
#01752959,Neil,Paige,2.94,85
#11754914,Evan,Manning,2.87,100
#01711255,Rebecca,Paterson,3.34,34
#00776630,Natalie,Paige,2.06,119
#11715801,William,Reid,2.31,33
#01762780,Julia,Fisher,1.15,59
#10866067,Stephen,Ince,2.34,102
#11877011,Molly,Parr,2.65,135
#10844120,Jan,Morrison,1.90,131
#00814058,Tim,MacDonald,1.67,129
#11725916,Trevor,Abraham,3.22,120
#01717993,Emily,Walker,2.10,75
#01847976,Irene,Payne,2.56,34
#00762349,Sean,Sanderson,3.06,142
#10788619,Stephanie,Nolan,2.56,114
#00791685,Kevin,Quinn,2.90,127
#01869402,Maria,Nolan,3.17,90
#01803368,Angela,Robertson,2.72,92
#01819331,Tim,Morrison,2.66,70
#10783316,Irene,Parsons,2.69,73
#11732572,Lucas,Graham,2.23,65
#01728917,Megan,Lawrence,1.90,28
#00817491,Chloe,Bower,3.09,82
#11882313,Abigail,Bell,2.28,77
#00842998,Emma,Fisher,2.57,135
#01833027,Gordon,Butler,1.52,51
#00805452,Rebecca,Skinner,1.85,23
#11723619,Elizabeth,Manning,2.51,140
#00881928,Carol,Randall,2.90,53
#01716502,Karen,Hemmings,3.42,77
#01867782,Katherine,Bell,2.37,104
#01838640,Kevin,Campbell,2.97,132
#00787167,Thomas,Hart,2.29,142
#11786033,Jennifer,Greene,2.43,45
#11803618,Alan,Smith,3.74,110
#10756664,Jack,McLean,3.75,118
#00832822,Ella,Sharp,2.34,130
#01844411,Nicholas,Lawrence,2.89,49
#00828910,Tim,Hodges,2.93,98
#10818120,Emily,Brown,3.19,101
#10739715,Madeleine,Buckland,0.63,63
#10852727,Benjamin,Skinner,2.04,59
#10862609,Adrian,Forsyth,2.05,31
#01881573,Audrey,Cornish,3.56,122
#01784823,Zoe,Ince,2.89,131
#10834955,Harry,Duncan,2.21,131
#10805599,Mary,Wallace,2.78,92
#11843978,Stephanie,Graham,2.80,30
#11843641,Hannah,Peters,2.49,46
#01845666,Christian,Glover,1.60,93
#11726539,Jonathan,Duncan,3.06,125
#10754814,Madeleine,Campbell,2.49,110
#10802356,Eric,Butler,3.29,121
#11835169,Jessica,Wilson,2.72,134
#00779022,Ella,Oliver,3.81,90
#10736629,Ella,Mathis,3.62,100
#00734665,Jason,Parsons,2.67,37
#11784406,Jennifer,Sutherland,2.72,125
#10739684,Ella,Johnston,2.92,39
#00834987,Sonia,Kelly,2.80,110
#10855475,Amanda,Sutherland,2.27,21
#00774052,Max,Springer,2.39,60
#01786439,Julia,Paterson,1.10,31
#10719810,Brandon,Howard,0.54,57
#01736330,Ryan,Ferguson,2.58,115
#01809577,Diane,Turner,1.16,74
#01848891,Una,Butler,2.95,44
#10867560,Julia,Martin,3.76,119
#01811599,Keith,Slater,1.66,134
#10876683,Isaac,Lawrence,3.66,95
#11793129,Steven,Alsop,3.76,105
#01746058,Caroline,Mitchell,1.90,81
#01868002,Paul,Jackson,3.95,28
#11772335,Oliver,Hamilton,2.32,22
#10797954,Zoe,Nolan,3.59,133
#01874507,Austin,Marshall,1.15,31
#00717587,Sebastian,Paterson,1.62,136
#01791262,Sarah,Abraham,2.28,12
#10807781,Ryan,Sharp,1.84,72
#11775662,Christopher,Ball,2.10,76
#10804537,Dylan,Bond,2.14,98
#01858375,Virginia,Walker,3.11,39
#11838067,Harry,Wilson,2.47,130
#11773466,John,Marshall,2.53,37
#01758176,Deirdre,Parsons,3.23,114
#00715755,David,Bailey,1.05,101
#11755932,Michelle,Paige,3.40,70
#10886402,Faith,Fraser,2.85,140
#01787103,Jake,Rees,1.36,113
#00861604,Megan,Roberts,3.98,62
#00794662,Bernadette,Dowd,3.75,94
#00812142,Michael,Terry,2.37,131
#01886625,Dominic,Churchill,3.09,135
#00808065,Trevor,Ball,1.73,127
#01768160,Bella,Mitchell,3.28,79
#11867949,Lily,Newman,1.87,28
#01858270,Diane,Wilkins,3.60,62
#11729550,Evan,Alsop,3.55,84
#10885492,Michael,Grant,3.18,57
#00721489,Joshua,Brown,3.95,16
#01845945,Harry,Edmunds,2.77,35
#01883624,Penelope,Ellison,2.23,141
#01854032,Paul,Sutherland,0.69,83
#00726766,Nicholas,Henderson,3.09,30
#10727424,Alexandra,Wright,3.82,70
#11767244,Cameron,Fisher,3.75,133
#01833256,Michelle,Brown,3.49,102
#01736532,Steven,Wright,2.47,60
#11712068,Benjamin,Fraser,3.74,72
#01823307,Adrian,Anderson,2.87,76
#10867832,Steven,Dowd,3.81,104
#11771911,Andrea,Morrison,2.88,92
#01833895,Emily,Hughes,3.55,46
#01877742,Wanda,Simpson,2.16,48
#00849808,Frank,Nolan,1.31,139
#01786495,Jennifer,Forsyth,3.58,81
#00832464,Diana,Sanderson,2.58,33
#10845124,Rebecca,Scott,2.55,25
#10722708,Julian,Mathis,3.28,66
#10856851,Paul,Lambert,3.02,20
#11854559,Ella,McDonald,3.31,34
#11846020,Carolyn,Wilson,2.11,62
#01806984,Mary,Short,1.64,21
#10753296,Chloe,Watson,3.22,57
#00794735,Olivia,Hodges,2.80,21
#11725251,Rachel,Cameron,3.18,62
#11734188,Donna,Springer,2.49,106
#01757481,Leah,Duncan,1.66,47
#00763278,Brian,Ross,3.98,114
#11752894,Audrey,Welch,2.15,75
#00785402,Katherine,Wright,3.66,94
#00726864,Megan,Allan,1.74,100
#10795403,Luke,Randall,3.67,47
#00822981,Sarah,Dowd,2.93,102
#00752969,Chloe,Harris,2.99,89
#10812442,Sally,Coleman,3.84,44
#00807658,Justin,Clarkson,2.99,53
#00793011,Brandon,Gibson,2.57,110
#01753849,Connor,Ferguson,2.27,26
#01721555,Carl,May,1.29,90
#11843645,Vanessa,Martin,2.56,84
#10884084,Brian,Rutherford,1.52,22
#11877952,Jessica,Hudson,2.59,42
#11875049,Victoria,Mackay,3.79,108
#01786180,Christian,Slater,3.20,66
#01768050,Frank,Buckland,1.54,107
#10727377,Tracey,Rampling,3.34,52
#11771944,Steven,Graham,3.09,13
#01824600,Joanne,Buckland,2.62,66
#11829570,Emily,Bower,2.52,119
#10879044,Mary,Manning,2.35,59
#11864907,Natalie,Mitchell,2.59,29
#11808226,Kylie,Clarkson,3.17,25
#00817236,Claire,Wilkins,3.77,62
#00732824,Megan,Graham,3.56,22
#11851363,Stephen,Hardacre,2.31,137
#01719245,Leah,Ellison,3.57,93
#01787207,Evan,Miller,3.67,77
#11739228,Boris,Wallace,3.19,78
#00804798,Kylie,MacLeod,3.18,123
#01744348,Joan,Cornish,2.63,122
#00819185,Lucas,Allan,1.78,104
#00812330,Megan,Brown,3.57,116
#10764279,Anna,Greene,3.43,126
#10727205,Amanda,Paterson,2.46,91
#11719204,Frank,Taylor,3.00,111
#01888665,Maria,Nash,2.44,40
#10755416,Austin,May,2.82,87
#01792799,Zoe,Allan,2.67,71
#10759444,Maria,Blake,3.77,76
#00782014,Julian,Nash,2.38,66
#11812671,David,Smith,1.03,81
#10835822,Una,Simpson,2.56,17
#00814957,Melanie,Paterson,3.34,98
#10747053,Victor,Sanderson,2.83,72
#00873219,Sebastian,Mackenzie,2.94,117
#10745042,Molly,Hughes,3.98,108
#00742468,Jack,Underwood,2.02,119
#01834253,Deirdre,MacLeod,3.50,65
#01723719,Phil,Hughes,2.83,121
#10722830,Zoe,Ross,2.27,41
#10878580,Anthony,Bell,1.96,125
#00808004,Isaac,Ball,0.90,72
#11766393,Lisa,Anderson,3.89,128
#00754571,Carol,Skinner,2.77,131
#11823448,Jan,Poole,3.06,65
#01773164,Harry,Cameron,1.70,13
#00862730,Gavin,Reid,3.67,130
#11806617,Michelle,Taylor,2.26,25
#11851303,Lillian,Knox,1.99,121
#01797994,Jennifer,Dowd,3.58,76
#11768373,Phil,Mathis,3.39,73
#11718641,Lauren,Harris,3.32,12
#10783565,James,Buckland,1.53,86
#10852210,Michelle,Parr,1.98,112
#01826492,Diane,Hughes,2.02,86
#01771711,Julia,Sutherland,2.73,23
#11755971,Caroline,Lambert,1.91,58
#01779193,Caroline,Baker,2.01,69
#00834670,Jacob,MacLeod,3.82,79
#00833236,Abigail,Sutherland,3.00,87
#01876051,Frank,Grant,3.37,57
#11739059,Bernadette,May,2.45,88
#01772952,Eric,Ball,2.28,46
#11868690,Bernadette,Henderson,2.63,116
#10865839,Claire,Hill,2.94,83
#01853985,Ryan,Lawrence,2.46,14
#11734600,Neil,Graham,2.48,132
#00866049,Thomas,Underwood,3.96,98
#00814562,Brandon,Sutherland,1.77,44
#01742872,Zoe,Payne,1.37,61
#10881875,Jonathan,Cameron,3.79,29
#10756456,Caroline,Underwood,2.88,85
#11831692,Evan,Parsons,2.82,56
#10787679,Justin,Coleman,2.18,39
#10795970,Gavin,Poole,2.35,18
#10777646,Molly,Dickens,3.99,68
#11768244,Charles,Newman,3.44,101
#01863117,Joseph,Rampling,2.41,33
#00812268,Sarah,Simpson,2.68,118
#10779469,Christopher,Hart,1.37,95
#11814961,Caroline,Howard,1.44,101
#00729857,Robert,Mackay,3.86,69
#01862226,Deirdre,Fisher,3.02,119
#10857494,Julia,Bond,1.55,64
#10808740,Madeleine,Welch,2.26,18
#10797487,Rebecca,Robertson,1.76,107
#01744806,Isaac,Cornish,2.84,92
#10884307,Michelle,Hart,2.10,24
#11726122,Dan,Skinner,2.04,132
#00855648,Yvonne,Kelly,3.93,84
#11726816,Carolyn,Mackenzie,2.28,105
#11777034,Blake,Bower,3.23,115
#10863750,Ryan,Murray,3.53,26
#01831999,Steven,Wilson,3.55,117
#00874323,Gabrielle,Dyer,3.70,40
#00759347,Sebastian,Newman,3.58,28
#10795701,Trevor,Taylor,3.77,127
#11833693,Richard,Forsyth,1.80,125
#11816716,Alexandra,Oliver,1.63,62
#10732228,Alexander,Glover,2.41,120
#10729820,Jessica,Davidson,3.72,90
#01734625,Rebecca,Reid,2.52,81
#11815984,Max,Watson,2.93,121
#10804038,Nathan,Lyman,3.35,111
#01795838,Audrey,Rampling,2.78,35
#00829372,Sophie,Ball,2.20,44
#00741686,Faith,Cameron,2.27,36
#01728817,Warren,Miller,2.26,80
#00885157,Samantha,Hamilton,3.54,133
#10791375,Abigail,Morrison,3.23,100
#00877248,Irene,Anderson,2.88,70
#11848941,Robert,Lewis,2.32,69
#10877751,Alexander,Mathis,4.00,141
#11885453,Sophie,Edmunds,2.81,142
#10745258,Charles,Walker,2.26,86
#11765860,Connor,Mitchell,2.20,134
#01887723,Amy,Welch,3.96,97
#01796613,Tracey,Hart,2.96,123
#11712867,Stewart,Chapman,2.93,87
#10731714,Anna,Cameron,2.80,64
#01842471,John,Rutherford,2.40,134
#11778426,Irene,Nolan,2.53,98
#00757246,Jane,Metcalfe,3.10,102
#00821867,Jessica,Nash,3.29,67
#10887102,Claire,Springer,2.49,16
#11818359,Grace,Howard,3.81,141
#11755478,Christopher,Skinner,2.19,112
#00827149,Virginia,King,1.79,72
#10813659,Olivia,Lyman,3.13,141
#11848594,James,Butler,2.17,46
#01886737,Lisa,Fisher,3.12,84
#10739620,Colin,Pullman,2.49,124
#11831761,Leonard,Hemmings,2.78,45
#10842624,Nathan,Gray,3.75,106
#00888723,Alexandra,Payne,2.54,137
#10884573,Elizabeth,Davidson,3.74,131
#10875742,Max,Nash,2.94,49
#00812554,Andrea,Parr,1.64,88
#00732378,Edward,Henderson,3.48,88
#11754049,Audrey,Short,1.93,105
#01856386,Sophie,Blake,2.40,99
#00836688,Joshua,Miller,2.20,127
#00844353,Carl,Ince,2.23,16
#00726288,David,Clarkson,3.04,74
#01784576,Elizabeth,Coleman,3.43,27
#00858150,Sam,Duncan,1.51,98
#01725073,Katherine,Wallace,2.54,83
#01856234,Carol,Dickens,2.02,90
#00886972,Keith,Hill,3.13,90
#11756044,Kylie,Reid,1.00,100
#11799725,Angela,Taylor,0.91,51
#01807803,Jacob,Hodges,1.74,64
#11825789,Felicity,Blake,2.54,14
#00846566,Jason,Rutherford,3.45,53
#11826185,Neil,Sanderson,2.26,111
#11817907,Joseph,Robertson,2.98,47
#10789750,Andrew,Turner,2.80,13
#01798213,Ian,Brown,2.32,72
#01736091,Ian,North,3.54,94
#10872087,Frank,May,2.64,33
#10773051,Ryan,James,3.13,45
#11761385,Kimberly,King,2.95,104
#11882887,Nicholas,White,2.47,20
#01724891,Nathan,Lee,2.12,75
#00724196,Faith,Mathis,3.57,77
#00744304,Brandon,Brown,2.95,102
#11728159,Brian,Hart,2.86,127
#10751875,Thomas,Watson,1.91,124
#10882500,Cameron,Vance,1.77,100
#10885700,Jessica,North,3.06,84
#01807000,Gabrielle,Metcalfe,2.46,114
#00715033,James,Ferguson,3.88,106
#11822447,Samantha,Mackay,2.79,20
#00846073,Chloe,Grant,2.00,95
#00783959,Andrew,Cornish,3.37,103
#11821784,Joshua,Rees,3.87,36
#10808535,Stephen,Fisher,3.41,34
#01749749,Sue,Tucker,2.18,101
#01861314,Mary,Walker,3.80,134
#11831877,Adam,Lyman,2.24,74
#11752670,Heather,Parsons,2.74,25
#01848466,Rebecca,Miller,3.01,111
#11822184,Christian,Vaughan,2.97,119
#00825022,Rebecca,Henderson,1.88,82
#11865360,Yvonne,Campbell,2.08,52
#10798340,Audrey,Allan,2.15,116
#01834207,Nicola,Bond,2.71,86
#00848384,Ian,Walker,3.48,102
#00755879,Andrea,King,2.33,47
#11784443,Ian,Mathis,2.76,107
#11848624,Claire,Parr,2.04,131
#00884420,Oliver,Hemmings,0.50,123
#10846430,Tim,Hardacre,2.57,66
#01887107,Victoria,Vaughan,2.15,113
#00815812,Rebecca,North,2.85,63
#01753443,Jacob,Ince,2.67,65
#00805365,Heather,Turner,2.03,111
#00876471,Sonia,Langdon,2.44,62
#00826598,Liam,Bond,3.57,65
#01752091,Ian,Wallace,3.09,90
#01821376,Penelope,Grant,2.07,47
#01727189,Christian,James,3.88,28
#00768072,Liam,Jones,3.86,132
#01737293,Pippa,Morrison,3.28,122
#10879832,Grace,Lyman,3.60,75
#11807593,Eric,Edmunds,2.96,47
#11716267,Warren,Bond,2.24,67
#01719690,Lily,Quinn,2.86,43
#00889340,Andrea,Vaughan,2.13,30
#10855930,Leonard,Piper,2.79,69
#11832064,Nicholas,Walker,2.14,122
#10783325,Karen,Clarkson,2.01,49
#10857917,Madeleine,Clark,3.67,15
#10861638,Gordon,James,3.20,91
#10835902,Nicola,Grant,2.90,71
#00844668,Anne,Alsop,2.60,30
#00844424,Katherine,Edmunds,3.36,129
#01811373,Jake,McLean,3.88,84
#10859610,Emma,Scott,3.53,104
#10853053,Deirdre,Piper,3.66,126
#11735252,Faith,Abraham,2.71,105
#11801412,Amanda,Campbell,2.16,138
#11739709,Owen,Pullman,2.24,61
#10804687,Piers,King,2.67,16
#00828081,Dorothy,Lambert,2.23,79
#00788955,Richard,Kelly,0.71,138
#01783616,Warren,Harris,1.18,95
#11863847,Jake,Lambert,2.23,84
#00716025,Ruth,Kerr,2.74,88
#11888386,Chloe,Sharp,3.45,93
#00796443,Vanessa,Gibson,2.79,64
#11852029,Jason,Martin,2.05,65
#01788981,Julian,Russell,2.00,48
#10861594,Virginia,Abraham,0.94,12
#00758454,James,Mills,3.37,74
#10888158,Pippa,Short,2.88,86
#00853393,Mary,Miller,2.79,79
#11759233,Sally,Edmunds,3.23,77
#10844579,Victoria,Sanderson,2.09,88
#10717450,Gavin,Skinner,3.19,114
#11809560,Sean,Hudson,3.76,142
#11719464,Dominic,Dickens,3.39,73
#11764218,Stephen,Lyman,3.66,130
#01847990,Fiona,Wright,2.37,79
#01816028,Steven,Cameron,3.15,52
#11756109,Steven,Parr,1.96,72
#11857098,Jacob,Fraser,1.49,79
#11774465,Irene,McLean,2.09,99
#01857694,Kimberly,Sutherland,2.10,42
#01793484,Elizabeth,Walker,2.20,101
#11811832,Michelle,Clarkson,3.22,117
#11715069,Joseph,Randall,3.99,82
#01802586,Peter,Welch,2.85,36
#00718133,Dominic,Carr,2.52,16
#01765107,Matt,Walsh,0.93,136
#11753649,Andrea,Butler,2.47,58
#01715729,Hannah,Reid,2.18,44
#10799480,Madeleine,Wallace,2.92,29
#10805121,Warren,Skinner,2.22,16
#11813175,Blake,Peake,3.69,90
#00747328,Sebastian,Hughes,3.30,79
#01729560,Lucas,Hodges,3.01,18
#00866848,Claire,Burgess,3.82,27
#00797799,Deirdre,Parr,2.71,82
#11751460,Molly,Wallace,2.04,105
#01758255,Jonathan,Wright,2.96,105
#00721786,Lisa,Mitchell,2.61,62
#11836536,Emily,Martin,2.48,135
#10787171,Blake,Scott,1.63,36
#01751286,Colin,North,3.27,48
#11712276,Andrea,Berry,2.43,118
#00767629,Christopher,Forsyth,2.65,63
#11724524,Justin,Mitchell,2.43,20
#11766719,Carol,Butler,1.63,131
#10806670,Sally,Reid,3.29,99
#01888600,Brian,Quinn,2.04,119
#11821770,Peter,Ferguson,2.91,136
#10807629,Hannah,Blake,1.88,75
#10711300,Richard,Walsh,3.27,136
#10839333,Christopher,Newman,3.17,97
#10845971,Andrea,Terry,1.55,51
#01871656,Isaac,Ferguson,2.40,62
#00802226,Sebastian,Powell,2.73,102
#01876066,Dorothy,Walsh,1.51,14
#00845432,Wanda,Sanderson,3.78,123
#01795153,Bella,Edmunds,2.56,109
#10753585,Nicholas,Payne,3.18,106
#00789261,Ava,Carr,1.75,74
#11831301,Piers,Bond,2.41,51
#00852152,Kevin,Parsons,3.74,119
#10829005,Heather,Lyman,3.97,96
#10857836,Caroline,Alsop,3.57,140
#00856321,Sam,Campbell,2.66,18
#01748150,Lisa,Chapman,2.75,127
#10867259,Leonard,Rutherford,2.63,69
#11848919,Piers,Ince,3.53,129
#01712532,Andrew,Ross,2.67,122
#11724284,Jacob,Hudson,3.81,88
#10741877,Kimberly,Clarkson,2.41,72
#01765035,Warren,Wright,3.16,53
#00823038,Connor,Robertson,2.42,99
#11865191,Bernadette,Welch,3.40,86
#00873431,Jessica,Hart,1.52,24
#11859497,Emily,Henderson,3.31,96
#10845172,Stewart,Bower,4.00,118
#01729113,Nicholas,Thomson,2.55,136
#00782454,Nathan,Brown,1.97,79
#01757149,Sean,Sharp,3.48,81
#00852667,Irene,Buckland,3.69,19
#11834138,Sebastian,Wright,2.84,91
#11795102,Rachel,Young,3.55,86
#01792000,Stephanie,Harris,3.00,68
#11776295,Emma,Powell,0.88,83
#01826997,Max,McLean,2.99,22
#00863199,Colin,Rutherford,3.30,112
#11757285,Frank,Butler,2.05,17
#11855437,Max,Pullman,3.75,105
#10724325,Anthony,Black,3.42,93
#00761552,Victoria,Young,3.99,137
#10811998,Boris,Powell,3.92,140
#01755289,Gavin,Carr,3.65,87
#10721634,Amelia,Hamilton,2.61,121
#10727648,Una,Anderson,3.59,85
#11869189,Victoria,Mathis,1.74,16
#10824528,Megan,Buckland,2.21,36
#01773367,Chloe,MacLeod,2.14,130
#10833934,Eric,Ogden,2.93,21
#11831918,Theresa,Lambert,3.59,112
#01839028,Warren,Rampling,2.88,26
#00773214,Benjamin,Rees,3.65,33
#00735399,Jason,Paterson,3.29,113
